<?xml version="1.0" encoding="UTF-8"?>
<!DOCTYPE sqlMap PUBLIC "-//iBATIS.com//DTD SQL Map 2.0//EN" "http://www.ibatis.com/dtd/sql-map-2.dtd">

<sqlMap namespace="User">
	<typeAlias  alias="egovMap" type="egovframework.rte.psl.dataaccess.util.EgovMap"/>
	<typeAlias  alias="searchVO" type="egovframework.WASTE.cmmn.service.SearchVO"/>
	<typeAlias  alias="wasteVO" type="egovframework.WASTE.wst.service.WasteVO"/>
	<typeAlias  alias="wasteSpecVO" type="egovframework.WASTE.wst.service.WasteSpecVO"/>
	<typeAlias  alias="hjdongVO" type="egovframework.WASTE.hjd.service.HjdongVO"/>
	
	<insert id="userDAO.insertWasteUsrApply">
		<![CDATA[
			INSERT
				INTO
					WASTE.WASTE_APPLY (
						WASTE_APPLY_NO,
						"OID",
						REQUEST_NM,
						REQ_EMAIL,
						REQ_TELEPHONE,
						REQ_MOBILE,
						REQ_POST,
						REQ_ADDR,
						REQ_NEW_ADDR,
						REQ_BJDONG,
						REQ_BUNJI,
						REQ_HJDONG,
						ACCOUNT_NM,
						ACC_EMAIL,
						ACC_TELEPHONE,
						ACC_MOBILE,
						ACC_POST,
						ACC_ADDR,
						ACC_NEW_ADDR,
						ACC_BJDONG,
						ACC_BUNJI,
						ACC_HJDONG,
						PAY_TYPE,
						PRICE,
						DETAIL,
						"TRANSACTION",
						PAY_STATUS,
						DISCHARGE_DATE,
						COLLECT_DATE,
						SHOW_RECORD,
						SERIAL_NO,
						MANAGER_ID,
						USER_IP,
						CREATER,
						CREATION_DATE,
						UPDATER,
						UPDATE_DATE
					)
				VALUES (
					#wasteApplyNo#,
					#oid#,
					#requestNm#,
					#reqEmail#,
					#reqTelephone#,
					#reqMobile#,
					#reqPost#,
					#reqAddr#,
					#reqNewAddr#,
					#reqBjdong#,
					#reqBunji#,
					#reqHjdong#,
					#accountNm#,
					#accEmail#,
					#accTelephone#,
					#accMobile#,
					#accPost#,
					#accAddr#,
					#accNewAddr#,
					#accBjdong#,
					#accBunji#,
					#accHjdong#,
					#payType#,
					#price#,
					#detail#,
					#transaction#,
					#payStatus#,
					TO_DATE(#dischargeDate#, 'YYYY-MM-DD HH24:MI:SS'),
					TO_DATE(#collectDate#, 'YYYY-MM-DD HH24:MI:SS'),
					#showRecord#,
					#serialNo#,
					#managerId#,
					#userIp#,
					#creater#,
					SYSDATE,
					#updater#,
					SYSDATE
				)		  
		]]>
	</insert>
	
	<insert id="userDAO.insertWasteUsrSpec">
		<![CDATA[
			INSERT
				INTO
					WASTE.WASTE_APPLY_SPEC (
						WASTE_APPLY_SPEC_NO,
						OID,
						ITEM,
						SPEC,
						PRICE,
						AMOUNT,
						CREATER,
						CREATION_DATE,
						UPDATER,
						UPDATE_DATE,
						APPLY_NO
					)
				VALUES (
					#wasteApplySpecNo#,
					#oid#,
					#item#,
					#spec#,
					#price#,
					#amount#,
					#creater#,
					SYSDATE,
					#updater#,
					SYSDATE,
					#applyNo#
				)		  
		]]>
	</insert>
	
	<select id="userDAO.selectWasteUsrList" parameterClass="wasteVO" resultClass="egovMap">
		SELECT /*+ INDEX(WASTE_APPLY IDX_WASTE_APPLY) */
			*
		FROM
			(
				SELECT
					ROWNUM RNUM,
					S.*,
					(SELECT
						LISTAGG(
							ITEM,
							','
						) WITHIN GROUP(
						ORDER BY
							WASTE_APPLY_SPEC_NO
						)
					FROM
						WASTE_APPLY_SPEC
					WHERE
						APPLY_NO = S.WASTE_APPLY_NO) AS ITEM
				FROM
					(
						SELECT /*+ INDEX_DESC(WASTE_APPLY IDX_WASTE_APPLY) */
							WASTE_APPLY_NO,
							OID,
							REQUEST_NM,
							REQ_EMAIL,
							REQ_TELEPHONE,
							REQ_MOBILE,
							REQ_POST,
							REQ_ADDR,
							REQ_NEW_ADDR,
							REQ_BJDONG,
							REQ_BUNJI,
							REQ_HJDONG,
							ACCOUNT_NM,
							ACC_EMAIL,
							ACC_TELEPHONE,
							ACC_MOBILE,
							ACC_POST,
							ACC_ADDR,
							ACC_NEW_ADDR,
							ACC_BJDONG,
							ACC_BUNJI,
							ACC_HJDONG,
							PAY_TYPE,
							TO_CHAR(PRICE, 'FM999,999,999,999,999') AS PRICE,
							DETAIL,
							"TRANSACTION",
							DECODE(PAY_STATUS, 'Y', '결제', 'N', '미결제', 'R', '환불', 'C', '취소', 'PR', '일부환불', 'IC', '인증기처리') AS PAY_STATUS,
							DISCHARGE_DATE,
							NVL(TO_CHAR(COLLECT_DATE, 'YYYY-MM-DD'), '미수거') AS COLLECT_DATE,
							SHOW_RECORD,
							SERIAL_NO,
							MANAGER_ID,
							USER_IP,
							CREATER,
							TO_CHAR(CREATION_DATE, 'YYYY-MM-DD') AS CREATION_DATE,
							UPDATER,
							UPDATE_DATE,
							ROWNUM
						FROM
							WASTE_APPLY
						WHERE 1=1
						<isNotEmpty prepend="AND" property="requestNm">
							REQUEST_NM = #requestNm#
						</isNotEmpty>
						<isNotEmpty prepend="AND" property="reqMobile">
							REQ_MOBILE = #reqMobile#
						</isNotEmpty>
						<![CDATA[
						AND SHOW_RECORD = 'Y'
						AND WASTE_APPLY_NO > 0
						]]>
						ORDER BY WASTE_APPLY_NO DESC
					) S
			) A
		<![CDATA[ WHERE ROWNUM <= #recordCountPerPage# and RNUM > #firstIndex# ]]>
	</select>
	
	<select id="userDAO.selectWasteUsrListTotCnt" parameterClass="searchVO" resultClass="int">
		SELECT /*+INDEX_FES(WASTE_APPLY IDX_WASTE_APPLY) */
			COUNT(*) TOTCNT
		FROM
			(
				SELECT
					ROWNUM RNUM,
					S.*
				FROM
					(
						SELECT
							WASTE_APPLY_NO,
							OID,
							REQUEST_NM,
							REQ_EMAIL,
							REQ_TELEPHONE,
							REQ_MOBILE,
							REQ_POST,
							REQ_ADDR,
							REQ_NEW_ADDR,
							REQ_BJDONG,
							REQ_BUNJI,
							REQ_HJDONG,
							ACCOUNT_NM,
							ACC_EMAIL,
							ACC_TELEPHONE,
							ACC_MOBILE,
							ACC_POST,
							ACC_ADDR,
							ACC_NEW_ADDR,
							ACC_BJDONG,
							ACC_BUNJI,
							ACC_HJDONG,
							PAY_TYPE,
							TO_CHAR(PRICE, 'FM999,999,999,999,999') AS PRICE,
							DETAIL,
							"TRANSACTION",
							DECODE(PAY_STATUS, 'Y', '결제', 'N', '미결제', 'R', '환불', 'C', '취소', 'PR', '일부환불', 'IC', '인증기처리') AS PAY_STATUS,
							DISCHARGE_DATE,
							NVL(TO_CHAR(COLLECT_DATE, 'YYYY-MM-DD'), '미수거') AS COLLECT_DATE,
							SHOW_RECORD,
							SERIAL_NO,
							MANAGER_ID,
							USER_IP,
							CREATER,
							TO_CHAR(CREATION_DATE, 'YYYY-MM-DD') AS CREATION_DATE,
							UPDATER,
							UPDATE_DATE,
							ROWNUM
						FROM
							WASTE_APPLY
						WHERE 1=1
						<isNotEmpty prepend="AND" property="requestNm">
							REQUEST_NM = #requestNm#
						</isNotEmpty>
						<isNotEmpty prepend="AND" property="reqMobile">
							REQ_MOBILE = #reqMobile#
						</isNotEmpty>
						<![CDATA[
						AND SHOW_RECORD = 'Y'
						]]>
					) S
			) A
	</select>
	
</sqlMap>
