<?xml version="1.0" encoding="UTF-8"?>
<!DOCTYPE sqlMap PUBLIC "-//iBATIS.com//DTD SQL Map 2.0//EN" "http://www.ibatis.com/dtd/sql-map-2.dtd">

<sqlMap namespace="Stat">
	<typeAlias  alias="egovMap" type="egovframework.rte.psl.dataaccess.util.EgovMap" />
	<typeAlias  alias="statVO" type="egovframework.WASTE.stat.service.StatVO" />

	<resultMap id="PayMap" class="statVO">
		<result property="payCnt" column="PAY_CNT" />
		<result property="paySum" column="PAY_SUM" />
	</resultMap>
	
	<select id="statDAO.selectPayView" parameterClass="statVO" resultMap="PayMap">
			SELECT
				TO_CHAR(COUNT( PAY_TYPE ), 'FM999,999,999,999,999')||' 건' PAY_CNT,
				TO_CHAR(NVL( SUM( PRICE ), 0 ), 'FM999,999,999,999,999') PAY_SUM
			FROM
				WASTE.WASTE_APPLY
			WHERE
				1 = 1
			AND 
				TO_CHAR( CREATION_DATE, 'YYYYMMDD' ) BETWEEN REPLACE( #cDateF#, '-', '' ) AND REPLACE( #cDateT#, '-', '' )
			AND
				SHOW_RECORD = 'Y'
			<isNotEmpty prepend="AND" property="reqHjdong">
					REQ_HJDONG = #reqHjdong#
			</isNotEmpty>
			<isNotEmpty prepend="AND" property="managerId">
				MANAGER_ID = #managerId#
			</isNotEmpty>
	</select>
	
	<resultMap id="OnlineMap" class="statVO" >
		<result property="onlineCnt" column="ONLINE_CNT" />
		<result property="onlineSum" column="ONLINE_SUM" />
	</resultMap>
	
	<select id="statDAO.selectOnlineView" parameterClass="statVO" resultMap="OnlineMap">
			SELECT
				TO_CHAR(COUNT( PAY_TYPE ), 'FM999,999,999,999,999')||' 건' ONLINE_CNT,
				TO_CHAR(NVL( SUM( PRICE ), 0 ), 'FM999,999,999,999,999') ONLINE_SUM
			FROM
				WASTE_APPLY
			WHERE
				1 = 1
				AND SHOW_RECORD = 'Y'
				AND PAY_STATUS = 'Y'
				AND TO_CHAR( CREATION_DATE, 'YYYYMMDD' ) BETWEEN REPLACE( #cDateF#, '-', '' ) AND REPLACE( #cDateT#, '-', '' )
				AND (PAY_TYPE = 'card' OR PAY_TYPE = 'bank')
			<isNotEmpty prepend="AND" property="reqHjdong">
					REQ_HJDONG = #reqHjdong#
			</isNotEmpty>
			<isNotEmpty prepend="AND" property="managerId">
				MANAGER_ID = #managerId#
			</isNotEmpty>
	</select>
	
	<resultMap id="OtherMap" class="statVO" >
		<result property="otherCnt" column="OTHER_CNT" />
		<result property="otherSum" column="OTHER_SUM" />
	</resultMap>
	
	<select id="statDAO.selectOtherView" parameterClass="statVO" resultMap="OtherMap">
			SELECT
				TO_CHAR(COUNT( PAY_TYPE ), 'FM999,999,999,999,999')||' 건' OTHER_CNT,
				TO_CHAR(NVL( SUM( PRICE ), 0 ), 'FM999,999,999,999,999') OTHER_SUM
			FROM
				WASTE_APPLY
			WHERE
				1 = 1
				AND SHOW_RECORD = 'Y'
				AND PAY_STATUS = 'Y'
				AND TO_CHAR( CREATION_DATE, 'YYYYMMDD' ) BETWEEN REPLACE( #cDateF#, '-', '' ) AND REPLACE( #cDateT#, '-', '' )
				AND (PAY_TYPE = 'other' OR PAY_TYPE = 'money' OR PAY_TYPE ='ic')
			<isNotEmpty prepend="AND" property="reqHjdong">
					REQ_HJDONG = #reqHjdong#
			</isNotEmpty>
			<isNotEmpty prepend="AND" property="managerId">
				MANAGER_ID = #managerId#
			</isNotEmpty>
	</select>
	
	<resultMap id="PayStatusMap" class="statVO" >
		<result property="payStatusCnt" column="PAY_STATUS_CNT" />
		<result property="payStatusSum" column="PAY_STATUS_SUM" />
	</resultMap>
	
	<select id="statDAO.selectPayStatusView" parameterClass="statVO" resultMap="PayStatusMap">
			SELECT
				TO_CHAR(COUNT( PAY_TYPE ), 'FM999,999,999,999,999')||' 건' PAY_STATUS_CNT,
				TO_CHAR(NVL( SUM( PRICE ), 0 ), 'FM999,999,999,999,999') PAY_STATUS_SUM
			FROM
				WASTE_APPLY
			WHERE
				1 = 1
				AND SHOW_RECORD = 'Y'
				AND TO_CHAR( CREATION_DATE, 'YYYYMMDD' ) BETWEEN REPLACE( #cDateF#, '-', '' ) AND REPLACE( #cDateT#, '-', '' )
				AND PAY_STATUS = #payStatus#
			<isNotEmpty prepend="AND" property="reqHjdong">
					REQ_HJDONG = #reqHjdong#
			</isNotEmpty>
			<isNotEmpty prepend="AND" property="managerId">
				MANAGER_ID = #managerId#
			</isNotEmpty>
	</select>
	
	<select id="statDAO.selectPayCanceldView" parameterClass="statVO" resultMap="PayStatusMap">
			SELECT
				TO_CHAR(COUNT( PAY_TYPE ), 'FM999,999,999,999,999')||' 건' PAY_STATUS_CNT,
				TO_CHAR(NVL( SUM( CANCELD_PRICE ), 0 ), 'FM999,999,999,999,999') PAY_STATUS_SUM
			FROM
				WASTE_APPLY
			WHERE
				1 = 1
				AND SHOW_RECORD = 'Y'
				AND TO_CHAR( CREATION_DATE, 'YYYYMMDD' ) BETWEEN REPLACE( #cDateF#, '-', '' ) AND REPLACE( #cDateT#, '-', '' )
				AND PAY_STATUS = #payStatus#
			<isNotEmpty prepend="AND" property="reqHjdong">
					REQ_HJDONG = #reqHjdong#
			</isNotEmpty>
			<isNotEmpty prepend="AND" property="managerId">
				MANAGER_ID = #managerId#
			</isNotEmpty>
	</select>
	
	<select id="statDAO.selectPaySumView" parameterClass="statVO" resultMap="PayStatusMap">
			SELECT
				TO_CHAR(COUNT( PAY_TYPE ), 'FM999,999,999,999,999')||' 건' PAY_STATUS_CNT,
				 TO_CHAR(NVL( SUM( PRICE ), 0 )  - NVL( SUM( CANCELD_PRICE ), 0 ), 'FM999,999,999,999,999')  PAY_STATUS_SUM
			FROM
				WASTE_APPLY
			WHERE
				1 = 1
				AND SHOW_RECORD = 'Y'
				AND TO_CHAR( CREATION_DATE, 'YYYYMMDD' ) BETWEEN REPLACE( #cDateF#, '-', '' ) AND REPLACE( #cDateT#, '-', '' )
				AND (PAY_STATUS = #payStatus# OR PAY_STATUS = 'PR')
			<isNotEmpty prepend="AND" property="reqHjdong">
					REQ_HJDONG = #reqHjdong#
			</isNotEmpty>
			<isNotEmpty prepend="AND" property="managerId">
				MANAGER_ID = #managerId#
			</isNotEmpty>
	</select>
	
	<select id="statDAO.selectStatItemList" parameterClass="statVO" resultClass="egovMap">
	SELECT
		*
	FROM
		(
			SELECT
				ROWNUM RNUM,
				S.*
			FROM
				(
					SELECT
						B.ITEM,
						B.SPEC,
						TO_CHAR( B.PRICE, 'FM999,999,999,999,999' ) AS PRICE,
						TO_CHAR( SUM(B.AMOUNT), 'FM999,999,999,999,999' ) AS SUM_AMOUNT,
						TO_CHAR( SUM(B.AMOUNT)*B.PRICE, 'FM999,999,999,999,999' ) AS SUM_PRICE					
					FROM
						WASTE.WASTE_APPLY A,
						WASTE.WASTE_APPLY_SPEC B
					WHERE
						1 = 1
					AND TO_CHAR( B.CREATION_DATE, 'YYYYMMDD' ) BETWEEN REPLACE( #cDateF#, '-', '' ) AND REPLACE( #cDateT#, '-', '' )
				    AND B.CANCELD IS NULL
				    AND
					A.WASTE_APPLY_NO = B.APPLY_NO
				   <isNotEmpty prepend="AND" property="managerId">
					A.MANAGER_ID = #managerId#
				   </isNotEmpty>
					GROUP BY
						B.ITEM,
						B.SPEC,
						B.PRICE
					ORDER BY B.ITEM, B.SPEC, B.PRICE
				) S
		) A
	<![CDATA[ WHERE ROWNUM <= #recordCountPerPage# and RNUM > #firstIndex# ]]>
</select>
	
	<!-- 
	
	************************************************************************************
	2018-04-09 BACKUP	
	<select id="statDAO.selectStatItemList" parameterClass="statVO" resultClass="egovMap">
		SELECT
			*
		FROM
			(
				SELECT
					ROWNUM RNUM,
					S.*
				FROM
					(
						SELECT
							B.ITEM,
							B.SPEC,
							TO_CHAR( B.PRICE, 'FM999,999,999,999,999' ) AS PRICE,
							TO_CHAR( SUM(B.AMOUNT), 'FM999,999,999,999,999' ) AS SUM_AMOUNT,
							TO_CHAR( SUM(B.PRICE), 'FM999,999,999,999,999' ) AS SUM_PRICE					
						FROM
							WASTE.WASTE_APPLY_SPEC B
						WHERE
							1 = 1
						AND TO_CHAR( B.CREATION_DATE, 'YYYYMMDD' ) BETWEEN REPLACE( #cDateF#, '-', '' ) AND REPLACE( #cDateT#, '-', '' )
					    AND B.CANCELD IS NULL
						GROUP BY
							B.ITEM,
							B.SPEC,
							B.PRICE
					) S
			) A
		<![CDATA[ WHERE ROWNUM <= #recordCountPerPage# and RNUM > #firstIndex# ]]>
	</select>
	
	<select id="statDAO.selectStatItemListTotCnt" parameterClass="statVO" resultClass="int">
		SELECT
			COUNT(*) TOTCNT
		FROM
			(
				SELECT
					ROWNUM RNUM,
					S.*
				FROM
					(
						SELECT
							B.ITEM,
							B.SPEC,
							TO_CHAR( B.PRICE, 'FM999,999,999,999,999' ) AS PRICE,
							TO_CHAR( SUM(B.AMOUNT), 'FM999,999,999,999,999' ) AS SUM_AMOUNT,
							TO_CHAR( SUM(B.PRICE), 'FM999,999,999,999,999' ) AS SUM_PRICE					
						FROM
							WASTE.WASTE_APPLY_SPEC B
						WHERE
							1 = 1
						AND TO_CHAR( B.CREATION_DATE, 'YYYYMMDD' ) BETWEEN REPLACE( #cDateF#, '-', '' ) AND REPLACE( #cDateT#, '-', '' )
						AND B.CANCELD IS NULL
						GROUP BY
							B.ITEM,
							B.SPEC,
							B.PRICE
					) S
			) A
	</select>
	
	************************************************************************************
	
	
	
	<select id="statDAO.selectStatItemList" parameterClass="statVO" resultClass="egovMap">
		SELECT
			*
		FROM
			(
				SELECT
					ROWNUM RNUM,
					S.*
				FROM
					(
						SELECT
							B.ITEM,
							B.SPEC,
							B.PRICE,
							TO_CHAR( SUM(B.AMOUNT), 'FM999,999,999,999,999' ) AS SUM_AMOUNT,
							TO_CHAR( SUM(B.PRICE), 'FM999,999,999,999,999' ) AS SUM_PRICE					
						FROM
							WASTE.WASTE_APPLY A,
							WASTE.WASTE_APPLY_SPEC B
						WHERE
							1 = 1
						AND
							A.WASTE_APPLY_NO = B.APPLY_NO
						AND
							TO_CHAR( A.CREATION_DATE, 'YYYYMMDD' ) BETWEEN REPLACE( #cDateF#, '-', '' ) AND REPLACE( #cDateT#, '-', '' )
						<isNotEmpty prepend="AND" property="managerId">
							A.MANAGER_ID = #managerId#
						</isNotEmpty>
						GROUP BY
							B.ITEM,
							B.SPEC,
							B.PRICE
					) S
			) A
		<![CDATA[ WHERE ROWNUM <= #recordCountPerPage# and RNUM > #firstIndex# ]]>
	</select> -->
	
	<select id="statDAO.selectStatItemListTotCnt" parameterClass="statVO" resultClass="int">
	SELECT
		COUNT(*) TOTCNT
	FROM
		(
			SELECT
				ROWNUM RNUM,
				S.*
			FROM
				(
					SELECT
						B.ITEM,
						B.SPEC,
						TO_CHAR( B.PRICE, 'FM999,999,999,999,999' ) AS PRICE,
						TO_CHAR( SUM(B.AMOUNT), 'FM999,999,999,999,999' ) AS SUM_AMOUNT,
						TO_CHAR( SUM(B.AMOUNT)*B.PRICE, 'FM999,999,999,999,999' ) AS SUM_PRICE					
					FROM
						WASTE.WASTE_APPLY A,
						WASTE.WASTE_APPLY_SPEC B
					WHERE
						1 = 1
					AND TO_CHAR( B.CREATION_DATE, 'YYYYMMDD' ) BETWEEN REPLACE( #cDateF#, '-', '' ) AND REPLACE( #cDateT#, '-', '' )
					AND B.CANCELD IS NULL
					AND
						A.WASTE_APPLY_NO = B.APPLY_NO
					<isNotEmpty prepend="AND" property="managerId">
						A.MANAGER_ID = #managerId#
					</isNotEmpty>
					GROUP BY
						B.ITEM,
						B.SPEC,
						B.PRICE
					ORDER BY B.ITEM, B.SPEC, B.PRICE
				) S
		) A
</select>
	
</sqlMap>
