<?xml version="1.0" encoding="UTF-8"?>
<beans xmlns="http://www.springframework.org/schema/beans" xmlns:xsi="http://www.w3.org/2001/XMLSchema-instance"
	xsi:schemaLocation="http://www.springframework.org/schema/beans http://www.springframework.org/schema/beans/spring-beans-3.0.xsd">

	<!-- SqlMap setup for iBATIS Database Layer -->
	<!-- <bean id="sqlMapClient" class="org.springframework.orm.ibatis.SqlMapClientFactoryBean">
		<property name="configLocation" value="classpath:/egovframework/sqlmap/example/sql-map-config.xml"/>
		<property name="dataSource" ref="dataSource"/>
	</bean> -->
	
	<bean id="egov.propertyConfigurer" class="org.springframework.beans.factory.config.PropertyPlaceholderConfigurer">
        <property name="locations">
            <list>
                <value>classpath:/egovframework/props/globals.properties</value>
            </list>
        </property>
    </bean>
    
    <!-- 실행환경에서 빈이름 참조(EgovAbstractDAO) -->
	<bean id="egov.lobHandler" class="org.springframework.jdbc.support.lob.DefaultLobHandler" lazy-init="true" />

	<!-- SqlMap setup for iBATIS Database Layer -->
	<bean id="sqlMapClient" class="org.springframework.orm.ibatis.SqlMapClientFactoryBean">
		<property name="configLocations">
			<list>
				<!-- <value>classpath:/kr/co/hanshinit/NeoCMS/sqlmap/config/sql-map-config-NeoCMS-${Globals.sqlMapType}.xml</value> -->
				<value>classpath:/egovframework/sqlmap/cfg/sql-map-config.xml</value>
			</list>
		</property>
		<property name="dataSource" ref="dataSource"/>
		<property name="lobHandler" ref="egov.lobHandler"/>
	</bean>
			
</beans>	
